{
  "train_acc": 0.45210084319114685,
  "val_acc": 0.4803149700164795,
  "train_loss": 1.034501552581787,
  "val_loss": 1.073679804801941
}