{
  "mean": [
    97989.40118132229,
    98347.02553233439,
    97635.91974730547,
    97997.94780987118,
    1097.8547124050392,
    97919.1978591614,
    97844.53090496846,
    51.72228674181628,
    715.1100013644663,
    50.66601790457995,
    3.872776469393985,
    46.793241293993155,
    1110.3044134835966,
    1.0366877329258637
  ],
  "scale": [
    3748.485861198808,
    3757.2587382103934,
    3745.8026201155576,
    3755.1112928846787,
    1016.8149311942335,
    3533.935060472629,
    3201.7657847096852,
    11.729546846497714,
    214.25257253317545,
    550.9575459576047,
    160.55809155789908,
    522.0206734499982,
    555.2385681275978,
    0.7894652150602286
  ],
  "features": [
    "open",
    "high",
    "low",
    "close",
    "volume",
    "ema_20",
    "ema_50",
    "rsi_14",
    "atr_14",
    "macd",
    "macd_signal",
    "macd_hist",
    "vol_sma_20",
    "vol_ratio"
  ]
}