{
  "train_acc": 0.5164409875869751,
  "val_acc": 0.45598194003105164,
  "train_loss": 0.8225823044776917,
  "val_loss": 0.8420048356056213
}