{
  "mean": [
    37130.93324619924,
    37916.84750241344,
    36276.415809923536,
    37152.59613362763,
    62905.48282701458,
    36934.22694073816,
    36530.52283813676,
    52.3356801240612,
    1624.7425634406006,
    175.28424865811004,
    -6.891012223563028,
    182.1752617963256,
    62801.11679959211,
    1.0279651420925624
  ],
  "scale": [
    32391.420125082135,
    32908.38084820343,
    31828.67200014061,
    32391.5461134501,
    76688.0340233452,
    32244.192862257096,
    31915.96123365447,
    13.773622111431774,
    1275.84061832903,
    1509.8717543671605,
    418.2206163015822,
    1422.073904695753,
    67409.89167423664,
    0.5004350610974968
  ],
  "features": [
    "open",
    "high",
    "low",
    "close",
    "volume",
    "ema_20",
    "ema_50",
    "rsi_14",
    "atr_14",
    "macd",
    "macd_signal",
    "macd_hist",
    "vol_sma_20",
    "vol_ratio"
  ]
}