{
  "mean": [
    -5.589313411922006e-05,
    -0.0002769514525480475,
    50.126075891070464,
    0.00029034352101750804,
    0.0006981269304997173,
    0.0015788580315434584,
    -34.76826097400437,
    -33.88685127745918,
    -0.8814096965407373,
    2.5723753786966115,
    0.5030688420498461,
    578.8102233852592,
    0.5649857038820154,
    0.1823015560450625,
    1.0442968768211305
  ],
  "scale": [
    0.004230887455629627,
    0.009486991220002957,
    16.698667101800016,
    0.005671894917130518,
    0.00922975187411297,
    0.014576050149225393,
    473.0210010295582,
    444.02838018551125,
    142.61538990667893,
    1.812313425074654,
    0.30199862866975663,
    258.58529946136105,
    0.28129050100053465,
    0.8677731011457326,
    0.8240968963934414
  ]
}