{
  "train_acc": 0.48513415455818176,
  "val_acc": 0.480704128742218,
  "train_loss": 0.8639098405838013,
  "val_loss": 0.8640778660774231
}