{
  "mean": [
    108.71443661990783,
    110.34340588390714,
    107.00711315148513,
    108.71942494648951,
    739200.2491477772,
    108.67087332790982,
    108.58096370240837,
    50.14169803445345,
    3.3354144710734817,
    0.037036300396254704,
    -0.0007778452335008635,
    0.037814143552098375,
    739426.66187679,
    1.0217382855980663
  ],
  "scale": [
    69.38156269478382,
    70.34381640492106,
    68.35981766243417,
    69.37821342110728,
    685210.27561063,
    69.18446303933916,
    68.90614189526563,
    12.45746208749455,
    2.4715304532813143,
    2.8584856076694583,
    0.8471616307537551,
    2.697044047412526,
    458369.94921521115,
    0.6464766073641227
  ],
  "features": [
    "open",
    "high",
    "low",
    "close",
    "volume",
    "ema_20",
    "ema_50",
    "rsi_14",
    "atr_14",
    "macd",
    "macd_signal",
    "macd_hist",
    "vol_sma_20",
    "vol_ratio"
  ]
}