{
  "train_acc": 0.49042144417762756,
  "val_acc": 0.4910394251346588,
  "train_loss": 0.7736647725105286,
  "val_loss": 0.7972294092178345
}