{
  "mean": [
    94.34153201440515,
    98.03410549163819,
    90.5641558551303,
    94.384142940281,
    4460284.911577608,
    93.93486276916572,
    93.01856826006912,
    51.35195595641779,
    7.422410896564561,
    0.3795081117465907,
    -0.02339464842102863,
    0.40290276369310407,
    4450550.062722647,
    1.0283125184040336
  ],
  "scale": [
    72.15462253979987,
    74.61544819797112,
    69.52243413327088,
    72.12525857344015,
    3410780.3998234137,
    71.26273660802475,
    69.8547051086943,
    13.349968736835045,
    5.56016654359816,
    6.579268221112847,
    1.8874213852933637,
    6.208188836279927,
    2034663.8387391234,
    0.6162333296584974
  ],
  "features": [
    "open",
    "high",
    "low",
    "close",
    "volume",
    "ema_20",
    "ema_50",
    "rsi_14",
    "atr_14",
    "macd",
    "macd_signal",
    "macd_hist",
    "vol_sma_20",
    "vol_ratio"
  ]
}