{
  "train_acc": 0.43190717697143555,
  "val_acc": 0.43127962946891785,
  "train_loss": 1.0582811832427979,
  "val_loss": 1.0634886026382446
}