{
  "mean": [
    129.70339463250912,
    130.05739122217665,
    129.3366083423644,
    129.6939412997651,
    37697.717568429056,
    129.7875875174586,
    129.93954914450683,
    49.22362259694313,
    0.7214136522638775,
    -0.06971507375254944,
    0.0003115135156491696,
    -0.07002658709005612,
    37678.536280508866,
    1.0391026095548666
  ],
  "scale": [
    19.564323204560594,
    19.591524433279826,
    19.529234471630737,
    19.561520327444203,
    49699.08882680677,
    19.547606886646808,
    19.53194973369991,
    11.542491171100469,
    0.34379094536218824,
    0.6309471841990353,
    0.19029385433158602,
    0.5939730565153367,
    29093.83108773054,
    0.8321970666861428
  ],
  "features": [
    "open",
    "high",
    "low",
    "close",
    "volume",
    "ema_20",
    "ema_50",
    "rsi_14",
    "atr_14",
    "macd",
    "macd_signal",
    "macd_hist",
    "vol_sma_20",
    "vol_ratio"
  ]
}