{
  "train_acc": 0.4314720928668976,
  "val_acc": 0.42383208870887756,
  "train_loss": 1.018507719039917,
  "val_loss": 1.0211597681045532
}