{
  "mean": [
    3040.0353144715746,
    3055.309383925571,
    3023.8650996081974,
    3039.91142733427,
    23678.38786495478,
    3041.177334711571,
    3043.4223678691606,
    50.30710993109247,
    31.46209012030501,
    -0.9820102849451494,
    0.02250468264338092,
    -1.0045149758556267,
    23682.801785192758,
    1.0399071175746193
  ],
  "scale": [
    834.7146559914107,
    837.4166301839814,
    831.7596818428814,
    834.7627426744209,
    26010.633951141503,
    832.6135379504137,
    829.3036759927195,
    12.518728556962053,
    13.400538237042937,
    26.72341682251881,
    8.009048090257838,
    25.181798375297923,
    14881.206449875664,
    0.838991023038294
  ],
  "features": [
    "open",
    "high",
    "low",
    "close",
    "volume",
    "ema_20",
    "ema_50",
    "rsi_14",
    "atr_14",
    "macd",
    "macd_signal",
    "macd_hist",
    "vol_sma_20",
    "vol_ratio"
  ]
}