{
  "mean": [
    -1.0391431920189338e-05,
    -4.73053561828203e-05,
    50.83860973942722,
    0.00023954070775680894,
    0.0005771936648559363,
    0.0013025593392474585,
    -0.4609200868777322,
    -0.4372957781087048,
    -0.023624308769024504,
    4.411805386383285,
    0.5119393096880256,
    33.172174166816234,
    0.9876704849373765,
    0.2153075646528282,
    1.0424411302889527
  ],
  "scale": [
    0.007051307027106216,
    0.015973798696043345,
    17.080544757273415,
    0.00957923420552472,
    0.015786531123603155,
    0.025513043050030413,
    28.149390752248483,
    26.60142070053812,
    8.185080606521934,
    3.004089811353657,
    0.3008285379328758,
    15.336589433558306,
    0.4421594822283894,
    0.9994265818839987,
    0.8488135441740144
  ]
}