{
  "mean": [
    -7.571915451130853e-05,
    -0.00037377735785618565,
    49.82330158628776,
    0.0005499371245895408,
    0.0013435885516527317,
    0.0031131140274029204,
    -0.08651246533593092,
    -0.0852794352930279,
    -0.0012330300429017566,
    5.072295735166479,
    0.49908113504631607,
    1.883002474779126,
    1.134418793574302,
    0.17546994667913318,
    1.0334620869454487
  ],
  "scale": [
    0.007893853382909431,
    0.017758844442769147,
    16.842690330433832,
    0.010710294234707022,
    0.017578480841044377,
    0.027689057700110167,
    1.5442002590876345,
    1.457072379422538,
    0.45465125363115166,
    3.1320977562434815,
    0.30708431431220246,
    0.806818546440684,
    0.4453743582248161,
    0.8520711087228988,
    0.7690990099137969
  ]
}