{
  "mean": [
    -5.1369300162690155e-06,
    -2.6101204926542288e-05,
    49.932099874612994,
    2.9265822937621075e-05,
    7.335494946398838e-05,
    0.00018116341599885955,
    -3.0948823391188918,
    -3.118302986859732,
    0.02342064773977083,
    0.8643598197660404,
    0.4968591914587304,
    128.86652358582333,
    0.18443930243033405,
    0.42168817831547833,
    1.0254375979046417
  ],
  "scale": [
    0.0014941339671363906,
    0.0032499737724664374,
    16.205677596314597,
    0.0018930125513904508,
    0.0029919278139962703,
    0.004643100964656142,
    105.64564819393118,
    99.17574766365938,
    32.54237510532036,
    0.5979335557001613,
    0.2997460066467234,
    60.84662523520972,
    0.08638347159770296,
    1.9808378161515696,
    0.9360009680824065
  ]
}