{
  "mean": [
    -8.791926171858778e-06,
    -4.421853266334348e-05,
    49.550754410639584,
    5.181435081949565e-05,
    0.00013032595505246423,
    0.0003276252204425001,
    -0.00651502164120978,
    -0.006581560175175858,
    6.653853396537716e-05,
    1.1842926206183624,
    0.492733642502186,
    0.22916703296702254,
    0.26182287314307173,
    0.38578124298165556,
    1.0241225481018268
  ],
  "scale": [
    0.002071637233082973,
    0.0045566724352860705,
    16.176650556738675,
    0.002663237567274457,
    0.004284272300998001,
    0.006734674440035337,
    0.1936087578218244,
    0.18253530144998759,
    0.05772861257472883,
    0.8971594632819733,
    0.29905018321099563,
    0.10279044616095408,
    0.1159138791762907,
    1.9308116310930998,
    0.9509931730795859
  ]
}