{
  "train_acc": 0.4598984718322754,
  "val_acc": 0.4339878261089325,
  "train_loss": 0.9611873626708984,
  "val_loss": 0.9996967911720276
}