{
  "mean": [
    164.89357152184988,
    165.91159778771694,
    163.83031050297092,
    164.88343478442317,
    165756.3626021411,
    164.98502382591445,
    165.1599928562922,
    49.67882132431979,
    2.083189118454749,
    -0.07762710999818453,
    0.0013326210651213376,
    -0.07895973156286278,
    165746.52636964092,
    1.0317661738922195
  ],
  "scale": [
    37.47934743412342,
    37.761968630985145,
    37.19423700188165,
    37.486805587014565,
    178203.14813232882,
    37.254572781162615,
    36.907281950364975,
    12.093925776787582,
    1.092284903022142,
    1.7376963804823469,
    0.529231443931289,
    1.634132085351063,
    106448.72136456255,
    0.766205455709283
  ],
  "features": [
    "open",
    "high",
    "low",
    "close",
    "volume",
    "ema_20",
    "ema_50",
    "rsi_14",
    "atr_14",
    "macd",
    "macd_signal",
    "macd_hist",
    "vol_sma_20",
    "vol_ratio"
  ]
}