{
  "train_acc": 0.4980657696723938,
  "val_acc": 0.46275395154953003,
  "train_loss": 0.7951765060424805,
  "val_loss": 0.8518480658531189
}