{
  "mean": [
    1683.3002908684814,
    1731.7545846642527,
    1629.2155173268918,
    1683.894188566567,
    539172.3953735551,
    1677.7143500370207,
    1665.2269167486463,
    51.28171386281714,
    101.94568395474148,
    5.213023332689939,
    -0.3242610098436664,
    5.537284368669093,
    536675.0242249834,
    1.0340157965518253
  ],
  "scale": [
    1295.8334697940015,
    1329.866629558605,
    1257.5762524170593,
    1295.6168123084763,
    446567.2064242727,
    1283.8536408510317,
    1263.7800361633251,
    13.422216007054677,
    83.84615946937721,
    95.8982847879841,
    27.600606825501515,
    90.31976703562506,
    342384.6780836293,
    0.5247220483497155
  ],
  "features": [
    "open",
    "high",
    "low",
    "close",
    "volume",
    "ema_20",
    "ema_50",
    "rsi_14",
    "atr_14",
    "macd",
    "macd_signal",
    "macd_hist",
    "vol_sma_20",
    "vol_ratio"
  ]
}