{
  "mean": [
    4.515071126406596e-06,
    2.2621984662409808e-05,
    50.09300475271868,
    -2.30084005304196e-06,
    -5.302683660592024e-06,
    -6.67401833719561e-06,
    0.03124358015782699,
    0.02977806616119387,
    0.00146551399668286,
    1.1316387816826285,
    0.49965493440751724,
    5.102202877859891,
    0.23969717121115436,
    0.4286665532900096,
    1.0308530024906117
  ],
  "scale": [
    0.00199938820174088,
    0.004482260793847857,
    16.317305078941395,
    0.0026078840740647747,
    0.00417818060071321,
    0.006562334724826427,
    4.570058253225757,
    4.300434802684867,
    1.3832922505615504,
    0.9177379857341589,
    0.2968536860343122,
    2.6355709419875124,
    0.12117231324785632,
    2.4101757167123483,
    1.038236013242548
  ]
}