{
  "train_acc": 0.44539520144462585,
  "val_acc": 0.44752877950668335,
  "train_loss": 0.9895487427711487,
  "val_loss": 1.0062880516052246
}