{
  "mean": [
    56511.958982117845,
    56926.12518832514,
    56075.95538382213,
    56514.87699983827,
    11956.88226737589,
    56488.21335285084,
    56437.279377739986,
    50.818201393353235,
    849.8302297790545,
    20.54467884842819,
    -0.5757532611246147,
    21.12043204071767,
    11962.734483711396,
    1.0232360117648813
  ],
  "scale": [
    30843.877121330606,
    31012.28280097285,
    30659.93547990763,
    30843.812908074928,
    17981.6061484268,
    30813.421996342233,
    30769.805761623826,
    12.999903833891711,
    487.11003525133725,
    712.1248318244792,
    212.1687863934072,
    671.7396048247809,
    15526.312321247962,
    0.6554727689428507
  ],
  "features": [
    "open",
    "high",
    "low",
    "close",
    "volume",
    "ema_20",
    "ema_50",
    "rsi_14",
    "atr_14",
    "macd",
    "macd_signal",
    "macd_hist",
    "vol_sma_20",
    "vol_ratio"
  ]
}